,demo_sheet,anlyzd_pt
0,1. Please enter your Worker ID,A0017268R9SKD8U2Y3F
1,"{""ImportId"":""QID4_TEXT""}",A12HWPFXQPITHD
2,AA4O2W236E3FW,A14WLAP6TCEKO0
3,A2196WCNDZULFS,A16G6PPH1INQL8
4,ATJ92FYQX176Z,A1C5SQZ045W0L5
5,ACMPTB6FD1J9E,A1IFIK8J49WBER
6,A3QNCW3LR2AVOV,A2AZYU1CT24O0K
7,A150MDVC0C92OT,A2F1AA15HG0FRU
8,A2RVFMCKSSEHDV,A2RVFMCKSSEHDV
9,A2DVIKO21ME29J,A2UOSEPGNUITM8
10,A390FP6231I632,A2Y0WNHMT4PZ4C
11,A2NT3OQZUUZPEO,A2ZDEERVRN5AMC
12,A53S7J4JGWG38,A3F5Z5S2AHMN2O
13,A5BMKZRGHNSRT,A3G5IPGLH1IIZN
14,A2NC23YMQPXSYV,A3O0QZQ4V2IXT7
15,A0017268R9SKD8U2Y3F,A3RQN5RZD1N2KP
16,ATUOL35QX4URK,A9692Y27LBXT9
17,A279H5BYP4LYX0,AA4O2W236E3FW
18,A350SLJRMBIFM4,AFRJKS3Z3H4CA
19,AW5O1RK3W60FC,AHYTT3T8W9Y9Y
20,A12HWPFXQPITHD,ANFWGSQ8BQRZ
21,ADKX3BTP3JAD4,AW5O1RK3W60FC
22,A2BA2KLNO29T8D,AZNIEFUIVB2H0
23,A3RQN5RZD1N2KP,AZU9D7YLCTAYV
24,A202R2H0PSEDHI,A2PUL3ZDXOW0VZ
25,AWP4L4S2UHJRN,A11TPUPFP2S4MK
26,A9URFI60ZTA4V,A2N913YUJWD8BT
27,A368U10UFMP2J6,A3EHDY67QENKPT
28,A2PUL3ZDXOW0VZ,A3JTDNRJYVCGQD
29,A11TPUPFP2S4MK,A38I0E8UK53ME5
30,A281NYJUA83Y3Y,A1F6MWP9A0XLJQ
31,A26GGFSRUWBOUE,A2UYZFH5VT5R3H
32,A2ZDEERVRN5AMC,AHPOOKYE7V04D
33,A2N913YUJWD8BT,
34,A29G2UJHTY4BF6,
35,A11Q8U6QTT8KGF,
36,A2BBJ85QRHJCQO,
37,AFIK3VBMMX6G6,
38,AJWEFOZ0K5GUC,
39,AFRJKS3Z3H4CA,
40,A2UQKEZP0TASGE,
41,A3EHDY67QENKPT,
42,A3L1X1XBRHRTIV,
43,A1WVNDH62P2UNZ,
44,A9692Y27LBXT9,
45,A3O0QZQ4V2IXT7,
46,A1IFIK8J49WBER,
47,A1R0HUJFW46OV9,
48,AOADA34ZQHEUB,
49,AZU9D7YLCTAYV,
50,A3JTDNRJYVCGQD,
51,A3E7YSLM7WU3AT,
52,A3ICB92VIMXV6C,
53,A1NGGAVIGC9O7V,
54,A2Z56ZWB1COXL2,
55,A353XKDTUX10NC,
56,A14WLAP6TCEKO0,
57,A1W7I6FN183I8F,
58,A2F1AA15HG0FRU,
59,ASS8RE4GEBJK6,
60,A2X6JK36FJ3G3E,
61,A2Y0WNHMT4PZ4C,
62,A14Y7FZ3ENKKQ6,
63,AFG3K492LMWPV,
64,A2OO4PG3LBLP5I,
65,A38I0E8UK53ME5,
66,A3RHJEMZ4EGY2U,
67,A3QRZPJT2CT2IK,
68,AZNIEFUIVB2H0,
69,A8UJNIY9R8S7W,
70,A1RTWAUUK4DYET,
71,A3F5Z5S2AHMN2O,
72,A1F6MWP9A0XLJQ,
73,AHYTT3T8W9Y9Y,
74,A20NLJPYP65LNU,
75,AHL5MIFQJKPPK,
76,A2ML0070M8FDK1,
77,ADXHWQLUQBK77,
78,A2AZYU1CT24O0K,
79,A14SEFVPXYZ9TN,
80,A1GA3IAD4UFXG9,
81,A1MMWL3YO3BJG,
82,A2P53AN2M8IWFP,
83,SADFHIOSHOFHOA,
84,AR1SBXX7MNOT4,
85,A28IA1E18OFZZC,
86,A31VLWCDUPY6OR,
87,A2K2OJYQB9DGZQ,
88,A3IXWFXJC2YKU7,
89,AHKWR3I5VHBWS,
90,A16G6PPH1INQL8,
91,AGZO4FTOYPGAZ,
92,A2EELTS09HUTSF,
93,A3G5IPGLH1IIZN,
94,A373LECBA7JXKD,
95,A18SXC3JEN1O0U,
96,A1C5SQZ045W0L5,
97,A2UOSEPGNUITM8,
98,A2UYZFH5VT5R3H,
99,ANFWGSQ8BQRZ,
100,AHPOOKYE7V04D,
101,A2Y2AZ8DBFU47Q,
102,A1H7PLOZDAFA8G,
103,A1WUFHQ1YGHK3C,
104,A1EJ4HA4K85PBJ,
105,A2AXY7I6TCRVP5,
