,ObjectA,ObjectC
0,object_002.jpg,object_002.jpg
1,object_003.jpg,object_003.jpg
2,object_005.jpg,object_005.jpg
3,object_006.jpg,object_006.jpg
4,object_010.jpg,object_010.jpg
5,object_011.jpg,object_011.jpg
6,object_013.jpg,object_013.jpg
7,object_015.jpg,object_015.jpg
8,object_017.jpg,object_017.jpg
9,object_018.jpg,object_018.jpg
10,object_021.jpg,object_021.jpg
11,object_023.jpg,object_023.jpg
12,object_024.jpg,object_024.jpg
13,object_030.jpg,object_030.jpg
14,object_031.jpg,object_031.jpg
15,object_032.jpg,object_032.jpg
16,object_037.jpg,object_037.jpg
17,object_039.jpg,object_039.jpg
18,object_042.jpg,object_042.jpg
19,object_044.jpg,object_044.jpg
20,object_045.jpg,object_045.jpg
21,object_046.jpg,object_046.jpg
22,object_048.jpg,object_048.jpg
23,object_050.jpg,object_050.jpg
24,object_053.jpg,object_053.jpg
25,object_054.jpg,object_054.jpg
26,object_059.jpg,object_059.jpg
27,object_065.jpg,object_065.jpg
28,object_070.jpg,object_070.jpg
29,object_073.jpg,object_073.jpg
30,object_074.jpg,object_074.jpg
31,object_075.jpg,object_075.jpg
32,object_076.jpg,object_076.jpg
33,object_081.jpg,object_081.jpg
34,object_082.jpg,object_082.jpg
35,object_083.jpg,object_083.jpg
36,object_088.jpg,object_088.jpg
37,object_091.jpg,object_091.jpg
38,object_092.jpg,object_092.jpg
39,object_093.jpg,object_093.jpg
40,object_094.jpg,object_094.jpg
41,object_095.jpg,object_095.jpg
42,object_096.jpg,object_096.jpg
43,object_098.jpg,object_098.jpg
44,object_099.jpg,object_099.jpg
45,object_103.jpg,object_103.jpg
46,object_106.jpg,object_106.jpg
47,object_107.jpg,object_107.jpg
48,object_109.jpg,object_109.jpg
49,object_112.jpg,object_112.jpg
50,object_113.jpg,object_113.jpg
51,object_116.jpg,object_116.jpg
52,object_120.jpg,object_120.jpg
53,object_121.jpg,object_121.jpg
54,object_122.jpg,object_122.jpg
55,object_123.jpg,object_123.jpg
56,object_124.jpg,object_124.jpg
57,object_126.jpg,object_126.jpg
58,object_128.jpg,object_128.jpg
59,object_135.jpg,object_135.jpg
60,object_136.jpg,object_136.jpg
61,object_141.jpg,object_141.jpg
62,object_146.jpg,object_146.jpg
63,object_151.jpg,object_151.jpg
64,object_152.jpg,object_152.jpg
65,object_153.jpg,object_153.jpg
66,object_157.jpg,object_157.jpg
67,object_158.jpg,object_158.jpg
68,object_168.jpg,object_168.jpg
69,object_170.jpg,object_170.jpg
70,object_180.jpg,object_180.jpg
71,object_184.jpg,object_184.jpg
72,object_186.jpg,object_186.jpg
73,object_187.jpg,object_187.jpg
74,object_189.jpg,object_189.jpg
75,object_191.jpg,object_191.jpg
76,object_192.jpg,object_192.jpg
77,object_193.jpg,object_193.jpg
78,object_195.jpg,object_195.jpg
79,object_198.jpg,object_198.jpg
80,object_203.jpg,object_203.jpg
81,object_204.jpg,object_204.jpg
82,object_205.jpg,object_205.jpg
83,object_206.jpg,object_206.jpg
84,object_208.jpg,object_208.jpg
85,object_217.jpg,object_217.jpg
86,object_223.jpg,object_223.jpg
87,object_224.jpg,object_224.jpg
88,object_225.jpg,object_225.jpg
89,object_228.jpg,object_228.jpg
90,object_230.jpg,object_230.jpg
91,object_239.jpg,object_239.jpg
92,object_244.jpg,object_244.jpg
93,object_245.jpg,object_245.jpg
94,object_247.jpg,object_247.jpg
95,object_248.jpg,object_248.jpg
96,object_250.jpg,object_250.jpg
97,object_252.jpg,object_252.jpg
98,object_258.jpg,object_258.jpg
99,object_260.jpg,object_260.jpg
100,object_262.jpg,object_262.jpg
101,object_266.jpg,object_266.jpg
102,object_267.jpg,object_267.jpg
103,object_271.jpg,object_271.jpg
104,object_283.jpg,object_283.jpg
105,object_286.jpg,object_286.jpg
106,object_292.jpg,object_292.jpg
107,object_298.jpg,object_298.jpg
108,object_300.jpg,object_300.jpg
109,object_302.jpg,object_302.jpg
110,object_303.jpg,object_303.jpg
111,object_304.jpg,object_304.jpg
112,object_305.jpg,object_305.jpg
113,object_307.jpg,object_307.jpg
114,object_310.jpg,object_310.jpg
115,object_312.jpg,object_312.jpg
116,object_314.jpg,object_314.jpg
117,object_316.jpg,object_316.jpg
118,object_318.jpg,object_318.jpg
119,object_324.jpg,object_324.jpg
120,object_327.jpg,object_327.jpg
121,object_328.jpg,object_328.jpg
122,object_332.jpg,object_332.jpg
123,object_335.jpg,object_335.jpg
124,object_338.jpg,object_338.jpg
125,object_341.jpg,object_341.jpg
126,object_344.jpg,object_344.jpg
127,object_353.jpg,object_353.jpg
128,object_354.jpg,object_354.jpg
129,object_357.jpg,object_357.jpg
130,object_358.jpg,object_358.jpg
131,object_359.jpg,object_359.jpg
132,object_360.jpg,object_360.jpg
133,object_361.jpg,object_361.jpg
134,object_362.jpg,object_362.jpg
135,object_369.jpg,object_369.jpg
136,object_371.jpg,object_371.jpg
137,object_373.jpg,object_373.jpg
138,object_374.jpg,object_374.jpg
139,object_376.jpg,object_376.jpg
140,object_381.jpg,object_381.jpg
141,object_382.jpg,object_382.jpg
142,object_383.jpg,object_383.jpg
143,object_398.jpg,object_398.jpg
144,object_399.jpg,object_399.jpg
145,object_404.jpg,object_404.jpg
146,object_406.jpg,object_406.jpg
147,object_408.jpg,object_408.jpg
148,object_415.jpg,object_415.jpg
149,object_426.jpg,object_426.jpg
150,object_429.jpg,object_429.jpg
151,object_432.jpg,object_432.jpg
152,object_434.jpg,object_434.jpg
153,object_436.jpg,object_436.jpg
154,object_437.jpg,object_437.jpg
155,object_439.jpg,object_439.jpg
156,object_450.jpg,object_450.jpg
157,object_453.jpg,object_453.jpg
158,object_455.jpg,object_455.jpg
159,object_456.jpg,object_456.jpg
160,object_461.jpg,object_461.jpg
161,object_462.jpg,object_462.jpg
162,object_479.jpg,object_479.jpg
163,object_480.jpg,object_480.jpg
164,object_482.jpg,object_482.jpg
165,object_486.jpg,object_486.jpg
166,object_489.jpg,object_489.jpg
167,object_493.jpg,object_493.jpg
168,object_499.jpg,object_499.jpg
169,object_500.jpg,object_500.jpg
170,object_501.jpg,object_501.jpg
171,object_504.jpg,object_504.jpg
172,object_507.jpg,object_507.jpg
173,object_511.jpg,object_511.jpg
174,object_513.jpg,object_513.jpg
175,object_521.jpg,object_521.jpg
176,object_522.jpg,object_522.jpg
177,object_530.jpg,object_530.jpg
178,object_537.jpg,object_537.jpg
179,object_542.jpg,object_542.jpg
180,object_543.jpg,object_543.jpg
181,object_546.jpg,object_546.jpg
182,object_554.jpg,object_554.jpg
183,object_566.jpg,object_566.jpg
184,object_567.jpg,object_567.jpg
185,object_571.jpg,object_571.jpg
186,object_572.jpg,object_572.jpg
187,object_582.jpg,object_582.jpg
188,object_591.jpg,object_591.jpg
189,object_592.jpg,object_592.jpg
190,object_596.jpg,object_596.jpg
191,object_605.jpg,object_605.jpg
192,object_606.jpg,object_606.jpg
193,object_607.jpg,object_607.jpg
194,object_610.jpg,object_610.jpg
195,object_614.jpg,object_614.jpg
196,object_625.jpg,object_625.jpg
197,object_634.jpg,object_634.jpg
198,object_642.jpg,object_642.jpg
199,object_644.jpg,object_644.jpg
200,object_650.jpg,object_650.jpg
201,object_657.jpg,object_657.jpg
202,object_664.jpg,object_664.jpg
203,object_666.jpg,object_666.jpg
204,object_673.jpg,object_673.jpg
205,object_674.jpg,object_674.jpg
206,object_675.jpg,object_675.jpg
207,object_681.jpg,object_681.jpg
208,object_686.jpg,object_686.jpg
209,object_688.jpg,object_688.jpg
210,object_695.jpg,object_695.jpg
211,object_700.jpg,object_700.jpg
212,object_709.jpg,object_709.jpg
213,object_727.jpg,object_727.jpg
214,object_741.jpg,object_741.jpg
215,object_746.jpg,object_746.jpg
216,object_747.jpg,object_747.jpg
217,object_751.jpg,object_751.jpg
218,object_759.jpg,object_759.jpg
219,object_771.jpg,object_771.jpg
220,object_773.jpg,object_773.jpg
221,object_776.jpg,object_776.jpg
222,object_777.jpg,object_777.jpg
223,object_778.jpg,object_778.jpg
224,object_787.jpg,object_787.jpg
225,object_788.jpg,object_788.jpg
226,object_791.jpg,object_791.jpg
227,object_795.jpg,object_795.jpg
228,object_797.jpg,object_797.jpg
229,object_799.jpg,object_799.jpg
230,object_800.jpg,object_800.jpg
231,object_805.jpg,object_805.jpg
232,object_811.jpg,object_811.jpg
233,object_816.jpg,object_816.jpg
234,object_822.jpg,object_822.jpg
235,object_832.jpg,object_832.jpg
236,object_833.jpg,object_833.jpg
237,object_834.jpg,object_834.jpg
238,object_851.jpg,object_851.jpg
239,object_861.jpg,object_861.jpg
240,object_863.jpg,object_863.jpg
241,object_867.jpg,object_867.jpg
242,object_875.jpg,object_875.jpg
243,object_880.jpg,object_880.jpg
244,object_882.jpg,object_882.jpg
245,object_884.jpg,object_884.jpg
246,object_888.jpg,object_888.jpg
247,object_889.jpg,object_889.jpg
248,object_890.jpg,object_890.jpg
249,object_894.jpg,object_894.jpg
250,object_897.jpg,object_897.jpg
251,object_900.jpg,object_900.jpg
252,object_905.jpg,object_905.jpg
253,object_906.jpg,object_906.jpg
254,object_912.jpg,object_912.jpg
255,object_919.jpg,object_919.jpg
